{
    "password": "rahasia",
    "addresses": [
        {
            "public-key": "0x0ccA901c9F18cFf95517cC918C935bdee8ac627a",
            "private-key": "a1af3226d74da6e7108ddfa9f77c46e248b4d225d9bd4414d5cb47e09580e696"
        },
        {
            "public-key": "0xF8A179aE63CEe4d58d23ff37f43cF4882e56a654",
            "private-key": "dfead7543c3f0f8c162d328d9e5b6649f5c55779d23a88a562ba0bf9db868dfe"
        },
        {
            "public-key": "0xc88e4A7173C4E13a59618e99bA76935F9009FcFa",
            "private-key": "6675647f83124107d581a6dfeadfbfaecb7fe8b6fd0322c4fdf6d5e84ed4d046"
        },
        {
            "public-key": "0x328552F7FB5eA27E895dAFCe63721DFa3E1F66Eb",
            "private-key": "6164c9e4599bb30523973f1bf7c3f713761d1288f5172fc70c54ed9b8299e12c"
        },
        {
            "public-key": "0x13e8625f175B87d36e92804a596260907D5173c9",
            "private-key": "54d3526f5f2031d1440cdd84fc3ef7abe76f6b4b5b5202ff4d4e9ffeee246356"
        },
        {
            "public-key": "0xED562D29EA783c8a13b94Ebb0Ce2275b6E98d1ab",
            "private-key": "be1fb9edba3a0a9286faf9b018a6f4ce53e3dca58b92f33ea0ee4d36126fc202"
        },
        {
            "public-key": "0x59d8a5af4fF5D4b43fa147cc76f740eDe43b45FA",
            "private-key": "6fe08f763a102f7a2f41d9df9bb6f17f85c1c309b2556aec558aa45152ffdfc4"
        },
        {
            "public-key": "0xE70b841B0779c042b45f4922742Ca3B7640968e8",
            "private-key": "54f516c247a38715597006884cfaa89c8ff0e6b41fd42b33de4e0dd33f0ee017"
        },
        {
            "public-key": "0x6180800Fdc30E2Ad24C72bFf33a17515877c4640",
            "private-key": "b7eecbab1152be3291167ef52839f464ca00d15be18368a9670c04616594dab8"
        },
        {
            "public-key": "0x21c434F30a9D529BC51F42bd7592B77fe8a7E7EA",
            "private-key": "542ac81ce3e148c59c60cd4ad2e7f908bc1a29c01808d0fd48330dec7276eced"
        },
        {
            "public-key": "0xe48C4ae38070E579859713B46868Dfd8de910660",
            "private-key": "c37127d477807d7c8440f001c6e70d9230a00c703e8e6b4a456ba7bff2badb7a"
        },
        {
            "public-key": "0x3d05b66704250b72Ce08e045E7F7936cEC44706F",
            "private-key": "e24e9c9d90475f6835441f74eb623b03217ac292dcb6ca03d88e81c18fce3d2e"
        }
    ]
}
